IMMEDIATE THREATS NAME,IOC,MD5,SHA1,SHA256
Google Drive And Dropbox Used By APT29 To Deliver Malicious Payloads,Cloakedbgfjfjjaea12_browsingExe.exe,bcb225e7f9a3fc81429de70f7b124a02,dedca09d9a97f719a970883eeaa570434f9ecaba,e8e63f7cf6c25fb3b93aa55d5745393a34e2a98c5aeacbc42f1362ddf64eb0da
Google Drive And Dropbox Used By APT29 To Deliver Malicious Payloads,Cloakedbgfjfjjaea11_browsingLnk.lnk,8fd497870926cbca338475287214572e,2626e891b55d0132eda86841ab648e47dd0d6bae,32e1eebf2af8d36857b3a9ea3a2653e8e7ad6b6eab8ca4665b252b5fb609d993
Google Drive And Dropbox Used By APT29 To Deliver Malicious Payloads,Cloakedbgfjfjjaea8_browsingDll.dll,5473861817fa78725313648dd9ceca7d,59c929a9f329f44d21b32ccd742c8dfded815d2d,a018f4d5245fd775a17dc8437ad55c2f74fb6152dd4fdf16709a60df2a063fff
Google Drive And Dropbox Used By APT29 To Deliver Malicious Payloads,Cloakedbgfjfjjaea_browsing7Dll.dll,b3b95c31fd3239a8b544ac7928e90895,b7bff7464c18db412de1366805475dad7d9823c8,9230457e7b1ab614f0306e4aaaf08f1f79c11f897f635230aa4149ccfd090a3d
Google Drive And Dropbox Used By APT29 To Deliver Malicious Payloads,Cloakedbgfjfjjaea6_browsingHtml.html,5f6d2af2392a37fae04c0f8c911ccc00,fa231c80af5b8f23972479d0d2c68a34dd855d40,0ed71b0f4f83590cca66c0c9e9524a0c01d7a44cf06467c3ae588c1fe5b13118
Google Drive And Dropbox Used By APT29 To Deliver Malicious Payloads,Cloakedbgfjfjjaea5_browsingIso.iso,41241df93521de6b7b10d0fea2effc7b,07085d8cdf9b8f046193cf23610e9eece60d370d,347715f967da5debfb01d3ba2ede6922801c24988c8e6ea2541e370ded313c8b
Google Drive And Dropbox Used By APT29 To Deliver Malicious Payloads,Cloakedbgfjfjjaea12_edrExe.exe,bcb225e7f9a3fc81429de70f7b124a02,dedca09d9a97f719a970883eeaa570434f9ecaba,e8e63f7cf6c25fb3b93aa55d5745393a34e2a98c5aeacbc42f1362ddf64eb0da
Google Drive And Dropbox Used By APT29 To Deliver Malicious Payloads,Cloakedbgfjfjjaea11_edrLnk.lnk,8fd497870926cbca338475287214572e,2626e891b55d0132eda86841ab648e47dd0d6bae,32e1eebf2af8d36857b3a9ea3a2653e8e7ad6b6eab8ca4665b252b5fb609d993
Google Drive And Dropbox Used By APT29 To Deliver Malicious Payloads,Cloakedbgfjfjjaea8_edrDll.dll,5473861817fa78725313648dd9ceca7d,59c929a9f329f44d21b32ccd742c8dfded815d2d,a018f4d5245fd775a17dc8437ad55c2f74fb6152dd4fdf16709a60df2a063fff
Google Drive And Dropbox Used By APT29 To Deliver Malicious Payloads,Cloakedbgfjfjjaea_edr7Dll.dll,b3b95c31fd3239a8b544ac7928e90895,b7bff7464c18db412de1366805475dad7d9823c8,9230457e7b1ab614f0306e4aaaf08f1f79c11f897f635230aa4149ccfd090a3d
Google Drive And Dropbox Used By APT29 To Deliver Malicious Payloads,Cloakedbgfjfjjaea6_edrHtml.html,5f6d2af2392a37fae04c0f8c911ccc00,fa231c80af5b8f23972479d0d2c68a34dd855d40,0ed71b0f4f83590cca66c0c9e9524a0c01d7a44cf06467c3ae588c1fe5b13118
Google Drive And Dropbox Used By APT29 To Deliver Malicious Payloads,Cloakedbgfjfjjaea5_edrIso.iso,41241df93521de6b7b10d0fea2effc7b,07085d8cdf9b8f046193cf23610e9eece60d370d,347715f967da5debfb01d3ba2ede6922801c24988c8e6ea2541e370ded313c8b
Google Drive And Dropbox Used By APT29 To Deliver Malicious Payloads,Cloakedbgfjfjjaea10_mailMsg.msg,c825e55012a3d236e4eca7b005b44fff,f90af8b1e558576f4adb49c2fd114d1fe1d1cb7d,761ed73512cb4392b98c84a34d3439240a73e389f09c2b4a8f0cce6a212f529c
Google Drive And Dropbox Used By APT29 To Deliver Malicious Payloads,Cloakedbgfjfjjaea9_mailEml.eml,193aa749675eae1c7d62d03fa7b9a644,859972f711edeaac43b9098cfb1ba868c1019068,4c1ed0f6470d0bbe1ca4447981430e8ceb1157d818656be9c8a992c56c10b541
Google Drive And Dropbox Used By APT29 To Deliver Malicious Payloads,Cloakedbgfjfjjaea6_mailHtml.html,5f6d2af2392a37fae04c0f8c911ccc00,fa231c80af5b8f23972479d0d2c68a34dd855d40,0ed71b0f4f83590cca66c0c9e9524a0c01d7a44cf06467c3ae588c1fe5b13118
Google Drive And Dropbox Used By APT29 To Deliver Malicious Payloads,Cloakedbgfjfjjaea4_mailPdf.pdf,115a940e4d7593ea6461374dbd14ba9e,96ea3882537920f928ba7826584e1f1838535c99,a0bdd8a82103f045935c83cb2186524ff3fc2d1324907d9bd644ea5cefacbaaf
Google Drive And Dropbox Used By APT29 To Deliver Malicious Payloads,Cloakedbgfjfjjaea3_mailPdf.pdf,96bc641370969b97f135c9c277e283da,5c0b27551445d854c33fb5ad139eea238255b6fa,f9b10323b120d8b12e72f74261e9e51a4780ac65f09967d7f4a4f4a8eabc6f4c
Google Drive And Dropbox Used By APT29 To Deliver Malicious Payloads,Cloakedbgfjfjjaea2_mailPdf.pdf,f51a8644e97007417e3ef3a61991e293,74aa26e237c651e1bc2d26874c36598e86c89f00,ce9802b22a37ae26c02b1f2c3225955a7667495fce5b106113434ab5a87ae28a
Google Drive And Dropbox Used By APT29 To Deliver Malicious Payloads,https://185.47.128.39,,,
Google Drive And Dropbox Used By APT29 To Deliver Malicious Payloads,https://crossfity.com,,,
Google Drive And Dropbox Used By APT29 To Deliver Malicious Payloads,https://porodicno.ba,,,
Google Drive And Dropbox Used By APT29 To Deliver Malicious Payloads,https://wethe6and9.ca,,,
Google Drive And Dropbox Used By APT29 To Deliver Malicious Payloads,http://techspaceinfo.com,,,
Google Drive And Dropbox Used By APT29 To Deliver Malicious Payloads,http://31.31.74.79,,,
Google Drive And Dropbox Used By APT29 To Deliver Malicious Payloads,http://77.75.78.212,,,
,,,,
,,,,
https://unit42.paloaltonetworks.com/cloaked-ursa-online-storage-services-campaigns/,,,,
