https://intel471.com/blog/privateloader-malware,
,
PrivateLoader: The first step in many malware schemes,2615bd2173dac44a6ad14702f3c93e67
,f7205f07677f0a0995cb232e3cbc7f73
,f615ed88710b54131443555ee7f7ea97
,188776c2bdd001d6a57b1cfc7e156dd3
,54753ca6879ab9f1d06264147cdf466b
,b595a580fdfe1308b47cf07805c81c32
,baacfe8643ec95c12277961dabb411f2
,88319e075ee9d7092a11a1e0237ee16c
,353a21b3835ac7c17a82af79302d23cc
,7332a59679c7732855d11dff20061a76
,privacytoolz123foryou.top
,privacytoolzforyou-7000.top
,threesmallhills.com
,privacytoolzforyou7000.top
,privacytoolzforyou-7000.com
,privacy-toolz-for-you-403.top
,privacy-toolz-for-you-5000.top
,privacytoolzforyou-6000.top
,privacy-tools-for-you-777.com
,privacytoolzforyou6000.top
